1,2022-05-16,월,7:40:56,포장
2,2022-05-16,월,7:14:21,포장
3,2022-05-16,월,8:10:12,포장
4,2022-05-16,월,9:10:42,매장
5,2022-05-16,월,9:13:46,매장
6,2022-05-16,월,9:50:21,매장
7,2022-05-16,월,9:53:00,매장
8,2022-05-16,월,10:26:14,포장
9,2022-05-16,월,10:42:07,포장
10,2022-05-16,월,11:11:11,포장
11,2022-05-16,월,11:32:11,매장
12,2022-05-16,월,11:40:33,매장
13,2022-05-16,월,11:50:21,매장
14,2022-05-16,월,12:10:10,매장
15,2022-05-16,월,12:24:18,매장
16,2022-05-16,월,12:30:57,포장
17,2022-05-16,월,12:33:56,포장
18,2022-05-16,월,13:00:27,포장
19,2022-05-16,월,13:09:56,포장
20,2022-05-16,월,13:22:09,매장
21,2022-05-16,월,14:20:07,매장
22,2022-05-16,월,15:15:47,매장
23,2022-05-16,월,17:12:18,포장
24,2022-05-16,월,17:30:01,포장
25,2022-05-16,월,17:31:45,매장
26,2022-05-16,월,18:01:06,매장
27,2022-05-16,월,18:09:41,포장
28,2022-05-16,월,18:23:39,포장
29,2022-05-16,월,18:30:23,매장
30,2022-05-16,월,19:06:08,포장
31,2022-05-17,화,7:50:15,매장
32,2022-05-17,화,8:16:24,포장
33,2022-05-17,화,8:30:35,포장
34,2022-05-17,화,9:10:33,매장
35,2022-05-17,화,9:26:12,매장
36,2022-05-17,화,10:26:14,포장
37,2022-05-17,화,10:20:56,포장
38,2022-05-17,화,11:10:05,매장
39,2022-05-17,화,11:24:18,포장
40,2022-05-17,화,11:25:47,포장
41,2022-05-17,화,11:30:15,포장
42,2022-05-17,화,11:31:57,포장
43,2022-05-17,화,11:34:28,매장
44,2022-05-17,화,12:02:22,포장
45,2022-05-17,화,12:24:18,매장
46,2022-05-17,화,13:32:27,포장
47,2022-05-17,화,13:45:56,포장
48,2022-05-17,화,14:46:58,포장
49,2022-05-17,화,14:56:20,포장
50,2022-05-17,화,15:42:01,포장
51,2022-05-17,화,17:20:12,매장
52,2022-05-17,화,17:24:23,포장
53,2022-05-17,화,17:43:05,포장
54,2022-05-17,화,18:00:54,매장
55,2022-05-17,화,18:09:41,포장
56,2022-05-17,화,18:43:39,매장
57,2022-05-17,화,18:53:02,포장
58,2022-05-17,화,19:12:56,매장
59,2022-05-17,화,19:30:10,매장
60,2022-05-17,화,19:45:43,포장
61,2022-05-18,수,8:10:12,포장
62,2022-05-18,수,9:15:45,포장
63,2022-05-18,수,9:36:51,매장
64,2022-05-18,수,9:36:56,포장
65,2022-05-18,수,10:37:14,포장
66,2022-05-18,수,10:45:23,매장
67,2022-05-18,수,10:48:23,포장
68,2022-05-18,수,11:02:33,매장
69,2022-05-18,수,11:08:42,포장
70,2022-05-18,수,11:23:02,포장
71,2022-05-18,수,11:25:01,매장
72,2022-05-18,수,11:28:42,포장
73,2022-05-18,수,11:32:11,포장
74,2022-05-18,수,12:09:10,포장
75,2022-05-18,수,12:19:18,포장
76,2022-05-18,수,12:20:57,매장
77,2022-05-18,수,12:29:18,매장
78,2022-05-18,수,12:30:57,매장
79,2022-05-18,수,12:59:56,포장
80,2022-05-18,수,13:08:27,포장
81,2022-05-18,수,13:24:56,매장
82,2022-05-18,수,13:32:56,포장
83,2022-05-18,수,13:45:56,포장
84,2022-05-18,수,14:28:58,매장
85,2022-05-18,수,14:56:20,포장
86,2022-05-18,수,15:32:30,매장
87,2022-05-18,수,16:42:56,매장
88,2022-05-18,수,17:00:23,포장
89,2022-05-18,수,17:21:51,포장
90,2022-05-18,수,17:30:34,매장
91,2022-05-18,수,17:52:00,매장
92,2022-05-18,수,18:32:54,포장
93,2022-05-18,수,18:33:27,매장
94,2022-05-18,수,18:45:54,포장
95,2022-05-18,수,18:48:41,매장
96,2022-05-18,수,18:54:39,포장
97,2022-05-18,수,19:23:55,매장
98,2022-05-18,수,19:51:12,포장
99,2022-05-18,수,20:00:01,매장
100,2022-05-18,수,20:23:42,매장
101,2022-05-19,목,8:10:12,매장
102,2022-05-19,목,9:05:34,포장
103,2022-05-19,목,9:46:32,포장
104,2022-05-19,목,9:56:20,포장
105,2022-05-19,목,10:02:09,매장
106,2022-05-19,목,10:45:32,매장
107,2022-05-19,목,11:08:42,포장
108,2022-05-19,목,11:44:02,포장
109,2022-05-19,목,11:44:11,포장
110,2022-05-19,목,12:11:10,매장
111,2022-05-19,목,12:14:18,포장
112,2022-05-19,목,12:20:57,포장
113,2022-05-19,목,12:25:18,매장
114,2022-05-19,목,12:40:57,매장
115,2022-05-19,목,13:04:56,매장
116,2022-05-19,목,13:23:56,매장
117,2022-05-19,목,13:35:56,포장
118,2022-05-19,목,14:19:20,포장
119,2022-05-19,목,16:02:21,포장
120,2022-05-19,목,17:00:54,포장
121,2022-05-19,목,17:21:37,포장
122,2022-05-19,목,17:42:05,포장
123,2022-05-19,목,18:32:54,매장
124,2022-05-19,목,18:53:26,매장
125,2022-05-19,목,18:55:54,포장
126,2022-05-19,목,19:21:21,포장
127,2022-05-19,목,19:29:21,매장
128,2022-05-19,목,19:31:12,포장
129,2022-05-19,목,20:02:11,매장
130,2022-05-19,목,20:03:59,매장
131,2022-05-20,금,8:20:27,포장
132,2022-05-20,금,8:40:15,포장
133,2022-05-20,금,9:24:50,포장
134,2022-05-20,금,9:54:43,포장
135,2022-05-20,금,10:09:56,매장
136,2022-05-20,금,10:37:14,포장
137,2022-05-20,금,10:24:04,매장
138,2022-05-20,금,10:48:23,포장
139,2022-05-20,금,11:02:09,포장
140,2022-05-20,금,11:08:42,포장
141,2022-05-20,금,11:21:02,포장
142,2022-05-20,금,11:32:17,포장
143,2022-05-20,금,12:10:10,포장
144,2022-05-20,금,12:12:42,매장
145,2022-05-20,금,12:19:57,매장
146,2022-05-20,금,12:22:42,매장
147,2022-05-20,금,12:30:43,매장
148,2022-05-20,금,12:42:09,포장
149,2022-05-20,금,13:12:27,포장
150,2022-05-20,금,13:14:32,포장
151,2022-05-20,금,13:32:21,매장
152,2022-05-20,금,14:22:01,매장
153,2022-05-20,금,14:28:58,매장
154,2022-05-20,금,14:56:20,매장
155,2022-05-20,금,15:23:31,매장
156,2022-05-20,금,16:41:24,포장
157,2022-05-20,금,17:10:33,포장
158,2022-05-20,금,17:21:51,매장
159,2022-05-20,금,17:29:03,포장
160,2022-05-20,금,17:31:24,매장
161,2022-05-20,금,17:59:59,매장
162,2022-05-20,금,18:04:01,매장
163,2022-05-20,금,18:05:54,포장
164,2022-05-20,금,18:24:27,포장
165,2022-05-20,금,18:38:49,매장
166,2022-05-20,금,18:54:18,매장
167,2022-05-20,금,19:02:21,포장
168,2022-05-20,금,19:33:12,포장
169,2022-05-20,금,20:01:20,매장
170,2022-05-20,금,20:13:24,포장
171,2022-05-21,토,8:10:14,매장
172,2022-05-21,토,9:32:32,포장
173,2022-05-21,토,9:44:23,포장
174,2022-05-21,토,9:47:17,매장
175,2022-05-21,토,10:35:26,매장
176,2022-05-21,토,10:58:20,포장
177,2022-05-21,토,11:32:31,포장
178,2022-05-21,토,11:35:05,매장
179,2022-05-21,토,11:54:03,포장
180,2022-05-21,토,12:01:00,포장
181,2022-05-21,토,12:07:14,포장
182,2022-05-21,토,12:09:10,포장
183,2022-05-21,토,12:20:18,매장
184,2022-05-21,토,12:31:20,포장
185,2022-05-21,토,12:50:57,매장
186,2022-05-21,토,12:59:18,포장
187,2022-05-21,토,13:01:07,포장
188,2022-05-21,토,13:16:14,포장
189,2022-05-21,토,13:32:23,포장
190,2022-05-21,토,14:52:53,포장
191,2022-05-21,토,15:13:33,매장
192,2022-05-21,토,16:32:20,포장
193,2022-05-21,토,17:19:52,포장
194,2022-05-21,토,17:21:12,매장
195,2022-05-21,토,17:48:22,포장
196,2022-05-21,토,18:02:59,매장
197,2022-05-21,토,18:05:54,포장
198,2022-05-21,토,19:23:15,매장
199,2022-05-21,토,20:11:45,매장
200,2022-05-21,토,20:51:16,포장
201,2022-05-22,일,8:15:54,포장
202,2022-05-22,일,9:23:01,포장
203,2022-05-22,일,9:32:43,매장
204,2022-05-22,일,10:18:10,포장
205,2022-05-22,일,10:39:23,포장
206,2022-05-22,일,10:45:23,매장
207,2022-05-22,일,11:08:42,포장
208,2022-05-22,일,11:23:02,매장
209,2022-05-22,일,11:32:11,포장
210,2022-05-22,일,12:01:08,포장
211,2022-05-22,일,12:09:10,매장
212,2022-05-22,일,12:19:31,포장
213,2022-05-22,일,12:29:18,포장
214,2022-05-22,일,12:30:57,포장
215,2022-05-22,일,12:21:18,포장
216,2022-05-22,일,12:54:11,매장
217,2022-05-22,일,13:01:31,매장
218,2022-05-22,일,13:02:12,매장
219,2022-05-22,일,14:34:56,포장
220,2022-05-22,일,14:36:31,포장
221,2022-05-22,일,14:44:20,매장
222,2022-05-22,일,15:23:01,포장
223,2022-05-22,일,16:04:12,포장
224,2022-05-22,일,17:11:24,매장
225,2022-05-22,일,18:00:01,포장
226,2022-05-22,일,18:08:17,매장
227,2022-05-22,일,18:34:21,매장
228,2022-05-22,일,18:46:13,포장
229,2022-05-22,일,19:44:11,포장
230,2022-05-22,일,20:45:27,매장
