여,40,서울특별시,동작구,010-6739-6814,7469
여,25,서울특별시,서초구,010-9439-5197,9089
여,50,서울특별시,은평구,010-5766-5094,7026
여,21,서울특별시,서초구,010-6788-5410,3664
남,28,서울특별시,동작구,010-5074-8597,7183
남,25,서울특별시,도봉구,010-5263-1819,2687
여,58,서울특별시,중랑구,010-4430-7648,9437
남,33,서울특별시,강남구,010-8527-9549,3791
남,28,서울특별시,영등포구,010-5664-3254,1234
남,45,서울특별시,강북구,010-9339-1552,7230
여,16,서울특별시,송파구,010-7445-4895,4076
남,49,서울특별시,동대문구,010-7203-5243,3974
남,25,서울특별시,중랑구,010-7770-4022,5623
남,49,서울특별시,성북구,010-2089-1213,8803
남,35,서울특별시,성북구,010-5427-9098,7778
남,49,서울특별시,은평구,010-5366-5541,8199
여,14,서울특별시,동작구,010-5693-8898,5397
남,23,서울특별시,은평구,010-5907-1636,4494
여,22,서울특별시,강남구,010-4962-8292,7371
여,15,서울특별시,은평구,010-4981-8871,3553
남,56,서울특별시,강남구,010-3912-5004,3818
남,30,서울특별시,성동구,010-1856-6041,2918
여,51,서울특별시,강동구,010-9653-7230,2659
여,37,서울특별시,중랑구,010-7277-4438,4326
남,52,서울특별시,강남구,010-8987-6458,2236
남,46,서울특별시,동작구,010-8935-2003,1892
여,47,서울특별시,강북구,010-6380-8597,2909
여,32,서울특별시,은평구,010-2662-1919,5013
여,57,서울특별시,중구,010-1544-1908,4335
남,23,서울특별시,성동구,010-8533-3887,4895
남,22,서울특별시,마포구,010-4381-6251,1051
여,48,서울특별시,광진구,010-2373-8065,2151
남,44,서울특별시,종로구,010-2786-5605,6867
남,30,서울특별시,노원구,010-3568-2703,4625
남,25,서울특별시,동대문구,010-5075-1478,3391
남,45,서울특별시,강서구,010-4186-9448,6598
남,51,서울특별시,마포구,010-2592-6327,1372
남,17,서울특별시,구로구,010-3242-2453,5422
남,41,서울특별시,마포구,010-5151-3967,7879
남,14,서울특별시,성동구,010-8941-3154,7613
여,45,서울특별시,종로구,010-5342-9915,6823
남,40,서울특별시,동대문구,010-1136-7889,4502
남,58,서울특별시,관악구,010-6016-9780,7282
여,36,서울특별시,은평구,010-5806-5096,1831
여,19,서울특별시,광진구,010-6506-4980,4411
여,33,서울특별시,서대문구,010-6813-3366,3478
남,33,서울특별시,서대문구,010-5974-3533,5883
남,39,서울특별시,도봉구,010-1943-1798,8074
남,31,서울특별시,영등포구,010-1492-5944,5850
여,50,서울특별시,중랑구,010-2081-1624,2123
남,57,서울특별시,강서구,010-3338-1272,7635
남,63,서울특별시,강남구,010-1435-4455,2183
남,37,서울특별시,은평구,010-9608-8514,2953
남,63,서울특별시,구로구,010-7083-1433,6542
남,60,서울특별시,성동구,010-3742-7078,7229
남,43,서울특별시,강서구,010-5321-5534,8085
여,14,서울특별시,중구,010-3823-3042,5519
여,59,서울특별시,강동구,010-6423-3851,5476
남,63,서울특별시,송파구,010-6813-7291,4296
여,59,서울특별시,노원구,010-7771-3980,9724
여,51,서울특별시,서초구,010-1097-3391,2996
남,21,서울특별시,용산구,010-3375-8272,9187
여,28,서울특별시,동작구,010-4520-6715,8123
남,47,서울특별시,마포구,010-6692-3989,9771
남,23,서울특별시,동대문구,010-7591-4276,2998
남,57,서울특별시,강남구,010-4843-8157,3452
여,29,서울특별시,금천구,010-1689-2750,2757
여,63,서울특별시,양천구,010-3503-7181,4261
남,24,서울특별시,종로구,010-9502-3066,5695
여,55,서울특별시,종로구,010-6140-2479,9557
남,20,서울특별시,구로구,010-4495-4929,3519
여,41,서울특별시,서대문구,010-7410-2470,8847
남,34,서울특별시,영등포구,010-5365-5039,9791
여,20,서울특별시,강북구,010-2037-7243,8655
여,20,서울특별시,중구,010-7912-3526,7102
여,43,서울특별시,마포구,010-5768-8860,1811
여,45,서울특별시,동대문구,010-7096-5257,4006
여,47,서울특별시,양천구,010-5418-2297,2676
남,29,서울특별시,성북구,010-1143-2689,4803
남,18,서울특별시,강북구,010-7376-8545,2275
여,57,서울특별시,서대문구,010-2635-7529,6395
남,14,서울특별시,도봉구,010-2324-5793,4683
여,16,서울특별시,종로구,010-9942-5536,8487
여,60,서울특별시,영등포구,010-9037-7321,6254
여,56,서울특별시,강서구,010-2355-7099,9347
여,56,서울특별시,강남구,010-7215-2159,2892
남,34,서울특별시,송파구,010-3975-1477,5567
남,33,서울특별시,노원구,010-9275-1643,4003
남,35,서울특별시,성동구,010-5314-8330,1531
여,60,서울특별시,송파구,010-7873-8800,1278
남,63,서울특별시,양천구,010-9197-1343,2371
남,24,서울특별시,중랑구,010-2022-9353,1471
여,20,서울특별시,노원구,010-8643-4043,2972
여,53,서울특별시,은평구,010-1972-5796,3679
여,68,서울특별시,서초구,010-3884-4211,8030
여,35,서울특별시,영등포구,010-3840-4495,2897
남,55,서울특별시,강남구,010-2951-9937,1156
남,59,서울특별시,성북구,010-4131-9971,6398
남,14,서울특별시,송파구,010-5585-5771,7577
여,19,서울특별시,마포구,010-1803-3282,8131
